loan_id,loan_date,acc_date,loan_amount,loan_duration,acc_age,client_age,client_gender,district_name,district_region,district_inhabitants,district_avg_salary,bad_payer
4959,1994-01-05,1993-02-26,80952,24,28,76,M,Hl.m. Praha,Prague,1204953,12541,0
4961,1996-04-29,1995-04-07,30276,12,25,81,F,Tabor,south Bohemia,103347,9104,1
4962,1997-12-08,1996-07-28,30276,12,24,59,M,Frydek - Mistek,north Moravia,228848,9893,0
4967,1998-10-14,1997-08-18,318480,60,23,68,M,Strakonice,south Bohemia,70646,8547,1
4968,1998-04-19,1997-08-08,110736,48,23,81,F,Prachatice,south Bohemia,51428,8402,0
4973,1996-05-02,1994-10-19,165960,24,26,76,F,Jindrichuv Hradec,south Bohemia,93931,8427,0
4986,1997-08-10,1996-05-05,102876,12,24,79,M,Ostrava - mesto,north Moravia,323870,10673,0
4988,1997-12-06,1996-03-10,265320,36,25,53,M,Chrudim,east Bohemia,105606,8254,1
4989,1998-12-05,1997-07-10,352704,48,23,70,F,Tabor,south Bohemia,103347,9104,0
4990,1997-09-08,1996-07-17,162576,36,24,68,M,Liberec,north Bohemia,159617,9198,0
4996,1996-11-06,1996-05-11,88440,12,24,75,F,Teplice,north Bohemia,128118,9317,0
5002,1994-05-31,1993-11-26,104808,12,27,81,M,Zdar nad Sazavou,south Moravia,125832,8512,0
5005,1997-04-10,1996-08-12,27456,12,24,53,M,Novy Jicin,north Moravia,161227,8678,0
5015,1998-07-12,1997-02-23,109344,12,24,76,F,Karvina,north Moravia,285387,10177,0
5027,1998-12-02,1997-12-08,160920,36,23,49,M,Louny,north Bohemia,85852,8965,0
5032,1994-11-03,1993-12-02,123696,48,27,80,M,Breclav,south Moravia,124605,8772,0
5034,1998-05-30,1996-07-25,112752,36,24,65,F,Novy Jicin,north Moravia,161227,8678,0
5036,1998-11-25,1997-04-25,91248,48,23,48,F,Ceske Budejovice,south Bohemia,177686,10045,0
5039,1997-05-03,1996-01-26,66840,24,25,81,F,Cesky Krumlov,south Bohemia,58796,9045,0
5041,1997-07-11,1995-10-17,369000,60,25,46,F,Pardubice,east Bohemia,162580,9538,0
5042,1998-07-12,1996-11-24,331584,48,24,47,F,Havlickuv Brod,east Bohemia,95907,8388,0
5043,1997-12-25,1996-09-11,468060,60,24,73,F,Nachod,east Bohemia,112709,8369,0
5044,1994-12-21,1993-12-01,100980,60,27,55,M,Brno - mesto,south Moravia,387570,9897,0
5045,1995-05-01,1993-12-13,187224,24,27,73,M,Znojmo,south Moravia,114200,8403,1
5046,1998-09-09,1997-06-08,42816,12,23,83,M,Olomouc,north Moravia,226122,8994,0
5051,1997-10-11,1996-07-22,230400,60,24,59,M,Frydek - Mistek,north Moravia,228848,9893,0
5060,1994-07-19,1993-11-29,252060,60,27,55,F,Hl.m. Praha,Prague,1204953,12541,1
5061,1998-03-13,1996-12-22,84288,48,24,63,F,Rokycany,west Bohemia,45714,8843,0
5063,1997-07-10,1997-03-30,357840,48,23,79,F,Brno - mesto,south Moravia,387570,9897,1
5072,1997-04-28,1996-10-11,196800,24,24,60,F,Mlada Boleslav,central Bohemia,112065,11277,1
5082,1996-10-24,1995-10-21,262980,60,25,55,F,Rakovnik,central Bohemia,53921,8598,0
5086,1997-07-16,1996-03-20,210384,48,24,64,F,Karvina,north Moravia,285387,10177,0
5088,1996-08-22,1995-05-15,91152,24,25,78,M,Ceska Lipa,north Bohemia,105058,9272,0
5103,1997-11-28,1996-03-15,12540,12,25,81,F,Plzen - jih,west Bohemia,67298,8561,0
5110,1997-04-01,1995-08-03,102240,60,25,75,F,Jihlava,south Moravia,109164,8757,0
5117,1997-08-20,1996-03-03,76944,12,25,64,F,Hl.m. Praha,Prague,1204953,12541,0
5124,1998-02-12,1997-08-09,156096,36,23,68,M,Tabor,south Bohemia,103347,9104,0
5125,1995-11-23,1995-02-06,73056,48,26,50,M,Most,north Bohemia,119895,10446,0
5126,1994-07-24,1993-05-11,208128,48,27,69,M,Brno - mesto,south Moravia,387570,9897,1
5128,1996-04-11,1995-06-13,215616,48,25,64,M,Jesenik,north Moravia,42821,8173,1
5130,1994-05-11,1993-02-10,24312,12,28,65,F,Jindrichuv Hradec,south Bohemia,93931,8427,0
5131,1995-01-08,1993-08-05,48624,24,27,59,M,Usti nad Orlici,east Bohemia,139012,8363,0
5132,1995-02-17,1994-03-18,538500,60,27,60,M,Kolin,central Bohemia,95616,9307,0
5134,1997-02-02,1996-03-06,53076,12,25,72,M,Prachatice,south Bohemia,51428,8402,0
5136,1996-07-28,1996-03-09,187104,24,25,43,F,Olomouc,north Moravia,226122,8994,0
5138,1995-05-30,1993-09-21,87216,48,27,67,F,Uherske Hradiste,south Moravia,145688,8544,0
5140,1998-02-24,1997-04-26,178500,60,23,49,F,Opava,north Moravia,182027,8746,0
5145,1995-09-16,1995-01-18,309552,48,26,86,M,Olomouc,north Moravia,226122,8994,0
5147,1998-05-21,1997-12-13,22260,60,23,80,F,Karvina,north Moravia,285387,10177,0
5148,1996-05-29,1994-11-15,284280,60,26,62,F,Litomerice,north Bohemia,114006,9065,0
5151,1995-05-24,1994-11-02,189060,60,26,62,F,Kladno,central Bohemia,149893,9753,0
5154,1998-07-01,1996-11-14,108720,60,24,54,F,Kutna Hora,central Bohemia,77963,8546,0
5158,1998-04-11,1996-07-02,188532,36,24,45,F,Karvina,north Moravia,285387,10177,0
5160,1995-12-18,1994-12-17,204000,60,26,76,M,Jicin,east Bohemia,77917,8390,0
5161,1994-10-28,1994-07-09,98184,24,26,75,F,Znojmo,south Moravia,114200,8403,0
5169,1998-09-24,1997-02-15,253200,60,24,84,M,Usti nad Orlici,east Bohemia,139012,8363,0
5170,1994-01-20,1993-05-10,253200,60,27,71,F,Frydek - Mistek,north Moravia,228848,9893,0
5172,1998-04-16,1996-12-06,50976,36,24,41,M,Jicin,east Bohemia,77917,8390,0
5174,1997-06-13,1996-01-14,385104,48,25,64,F,Brno - mesto,south Moravia,387570,9897,0
5176,1994-11-12,1993-08-29,192552,24,27,57,F,Strakonice,south Bohemia,70646,8547,1
5189,1994-02-07,1993-04-21,149040,48,27,52,F,Praha - zapad,central Bohemia,75637,9622,0
5206,1997-09-07,1996-11-24,128544,24,24,69,F,Ostrava - mesto,north Moravia,323870,10673,0
5207,1997-02-28,1996-05-08,35904,48,24,75,M,Frydek - Mistek,north Moravia,228848,9893,0
5208,1995-03-16,1993-06-08,99696,48,27,49,F,Klatovy,west Bohemia,88757,8554,1
5209,1996-11-25,1996-03-28,182640,48,24,78,F,Uherske Hradiste,south Moravia,145688,8544,0
5210,1997-04-01,1995-07-26,148140,36,25,59,F,Rakovnik,central Bohemia,53921,8598,0
5212,1995-05-29,1994-04-21,71064,36,26,74,F,Louny,north Bohemia,85852,8965,0
5214,1997-07-01,1996-06-07,74772,36,24,60,M,Brno - venkov,south Moravia,157042,8743,0
5221,1998-12-05,1997-07-02,52512,12,23,76,M,Brno - venkov,south Moravia,157042,8743,0
5226,1998-10-11,1997-12-22,185544,36,23,81,M,Breclav,south Moravia,124605,8772,0
5229,1997-09-06,1996-09-16,23520,12,24,79,M,Blansko,south Moravia,107911,8240,0
5236,1997-09-15,1996-09-26,389136,48,24,53,M,Blansko,south Moravia,107911,8240,0
5237,1995-08-29,1994-04-27,45336,24,26,63,M,Prachatice,south Bohemia,51428,8402,0
5241,1998-09-02,1997-08-05,125472,24,23,80,M,Chomutov,north Bohemia,125236,9675,0
5245,1998-01-17,1997-04-11,125472,24,23,74,F,Prachatice,south Bohemia,51428,8402,0
5253,1997-06-03,1997-02-20,100080,48,24,55,F,Znojmo,south Moravia,114200,8403,0
5260,1998-01-19,1996-07-03,123300,36,24,76,F,Usti nad Labem,north Bohemia,118650,9832,0
5265,1998-10-07,1997-02-07,165780,60,24,69,M,Uherske Hradiste,south Moravia,145688,8544,0
5269,1994-11-19,1993-11-17,164052,36,27,45,F,Tachov,west Bohemia,51313,8930,1
5270,1997-07-21,1996-06-08,191088,48,24,58,M,Svitavy,east Bohemia,102609,8187,0
5281,1997-11-27,1996-01-08,194256,24,25,52,M,Jesenik,north Moravia,42821,8173,0
5282,1996-08-24,1994-11-17,388512,48,26,52,F,Jesenik,north Moravia,42821,8173,1
5285,1994-02-06,1993-05-09,78936,12,27,64,F,Hl.m. Praha,Prague,1204953,12541,0
5287,1998-01-26,1996-11-12,64224,24,24,83,M,Kutna Hora,central Bohemia,77963,8546,0
5293,1998-10-29,1997-02-01,189792,48,24,80,M,Pardubice,east Bohemia,162580,9538,0
5301,1996-07-06,1996-03-14,141948,36,25,70,F,Frydek - Mistek,north Moravia,228848,9893,0
5304,1998-08-20,1997-09-23,172272,24,23,78,M,Novy Jicin,north Moravia,161227,8678,0
5310,1995-04-28,1993-12-11,248148,36,27,80,F,Plzen - sever,west Bohemia,72541,8594,0
5311,1996-06-15,1994-09-03,30060,60,26,69,M,Plzen - sever,west Bohemia,72541,8594,0
5312,1996-03-13,1995-02-20,202788,36,26,67,F,Tachov,west Bohemia,51313,8930,0
5313,1998-05-27,1997-07-27,43200,24,23,71,F,Liberec,north Bohemia,159617,9198,0
5314,1993-07-05,1993-03-22,96396,12,27,73,F,Sokolov,west Bohemia,94812,9650,1
5316,1993-07-11,1993-02-13,165960,36,28,52,M,Nachod,east Bohemia,112709,8369,0
5318,1998-09-30,1997-05-16,385584,48,23,46,M,Plzen - sever,west Bohemia,72541,8594,0
5319,1994-06-23,1993-09-22,239460,60,27,78,F,Teplice,north Bohemia,128118,9317,0
5320,1998-01-11,1996-10-21,143676,36,24,68,M,Brno - venkov,south Moravia,157042,8743,0
5325,1993-08-03,1993-01-30,105804,36,28,80,F,Pribram,central Bohemia,107870,8754,0
5329,1996-10-16,1995-04-15,396120,60,25,71,F,Prachatice,south Bohemia,51428,8402,0
5332,1998-01-29,1996-06-14,37944,36,24,54,F,Hl.m. Praha,Prague,1204953,12541,0
5334,1998-09-10,1997-09-20,209040,24,23,41,M,Hl.m. Praha,Prague,1204953,12541,0
5337,1996-07-31,1996-03-05,162468,36,25,63,F,Ceska Lipa,north Bohemia,105058,9272,0
5338,1997-08-30,1996-10-21,57360,12,24,63,M,Kutna Hora,central Bohemia,77963,8546,1
5343,1997-10-08,1996-08-01,44952,24,24,50,M,Hl.m. Praha,Prague,1204953,12541,0
5346,1998-12-06,1997-03-02,55632,24,24,72,M,Karvina,north Moravia,285387,10177,0
5350,1996-04-21,1995-02-13,249312,48,26,65,M,Plzen - mesto,west Bohemia,170449,10787,0
5351,1994-12-04,1993-06-11,205200,36,27,58,F,Hodonin,south Moravia,161954,8720,0
5352,1995-04-15,1994-10-30,68400,12,26,44,F,Frydek - Mistek,north Moravia,228848,9893,1
5354,1998-07-14,1997-08-06,290820,60,23,83,M,Kolin,central Bohemia,95616,9307,0
5358,1997-01-21,1995-06-04,38520,12,25,81,M,Havlickuv Brod,east Bohemia,95907,8388,0
5360,1998-01-25,1996-05-10,176328,36,24,77,M,Blansko,south Moravia,107911,8240,0
5363,1997-04-22,1995-11-08,293880,60,25,46,F,Zlin,south Moravia,197099,9624,1
5365,1998-07-19,1997-04-17,271260,60,23,50,M,Litomerice,north Bohemia,114006,9065,0
5366,1996-10-29,1996-03-06,86184,12,25,80,F,Karvina,north Moravia,285387,10177,0
5367,1997-08-26,1996-12-30,83628,36,24,43,F,Brno - mesto,south Moravia,387570,9897,0
5368,1998-10-05,1997-08-14,44640,24,23,64,M,Kromeriz,south Moravia,108871,8444,0
5369,1997-09-12,1997-04-27,214596,36,23,83,M,Ostrava - mesto,north Moravia,323870,10673,0
5375,1996-10-03,1996-02-01,101520,12,25,44,F,Hl.m. Praha,Prague,1204953,12541,0
5377,1997-08-04,1996-05-02,92400,12,24,46,F,Karvina,north Moravia,285387,10177,0
5382,1997-03-17,1996-08-06,22932,36,24,67,F,Usti nad Orlici,east Bohemia,139012,8363,0
5384,1998-03-07,1997-09-01,23328,12,23,56,F,Havlickuv Brod,east Bohemia,95907,8388,0
5385,1996-09-09,1996-01-13,71460,36,25,40,F,Hl.m. Praha,Prague,1204953,12541,0
5388,1996-11-28,1996-01-07,61560,12,25,78,M,Tachov,west Bohemia,51313,8930,0
5389,1997-08-22,1997-04-08,78600,24,23,64,M,Trutnov,east Bohemia,121947,8541,0
5390,1994-10-30,1993-08-08,170256,24,27,55,F,Jindrichuv Hradec,south Bohemia,93931,8427,0
5395,1994-07-30,1993-06-06,299088,36,27,54,F,Bruntal,north Moravia,106054,8110,1
5398,1997-11-04,1996-02-26,53472,12,25,80,M,Nymburk,central Bohemia,81344,8899,0
5409,1995-11-18,1994-11-21,182040,60,26,69,F,Prachatice,south Bohemia,51428,8402,0
5413,1995-12-12,1994-05-22,92976,24,26,50,F,Tachov,west Bohemia,51313,8930,0
5414,1995-03-29,1994-03-19,185952,48,26,76,M,Chomutov,north Bohemia,125236,9675,0
5415,1996-09-26,1995-08-27,139464,36,25,62,M,Opava,north Moravia,182027,8746,1
5418,1995-01-16,1993-03-30,347952,48,27,56,F,Rokycany,west Bohemia,45714,8843,0
5419,1997-02-05,1996-04-25,415800,60,24,71,F,Hl.m. Praha,Prague,1204953,12541,0
5420,1997-02-24,1996-04-13,72504,24,24,70,F,Karlovy Vary,west Bohemia,122603,8991,0
5428,1998-12-02,1997-02-08,230220,36,24,71,M,Rakovnik,central Bohemia,53921,8598,0
5429,1996-07-18,1995-02-11,20196,36,26,50,M,Hl.m. Praha,Prague,1204953,12541,0
5435,1998-06-01,1996-10-30,314688,48,24,47,M,Benesov,central Bohemia,88884,8507,0
5445,1996-06-29,1995-01-02,46320,24,26,42,M,Decin,north Bohemia,133777,8705,0
5446,1997-08-04,1996-03-19,48312,24,24,62,M,Svitavy,east Bohemia,102609,8187,0
5447,1997-11-12,1996-04-04,541200,60,24,74,F,Karvina,north Moravia,285387,10177,1
5449,1995-11-04,1994-12-09,99336,24,26,40,F,Frydek - Mistek,north Moravia,228848,9893,0
5450,1994-12-11,1993-10-25,199680,60,27,71,M,Kolin,central Bohemia,95616,9307,0
5451,1997-05-11,1996-08-04,159744,48,24,47,F,Pisek,south Bohemia,70699,8968,0
5452,1996-04-29,1995-01-21,49440,60,26,54,F,Karvina,north Moravia,285387,10177,0
5453,1995-04-01,1994-02-25,156672,36,27,64,F,Plzen - sever,west Bohemia,72541,8594,0
5463,1998-10-06,1997-10-27,17952,12,23,67,F,Decin,north Bohemia,133777,8705,0
5464,1995-01-30,1993-11-27,95808,12,27,80,M,Karlovy Vary,west Bohemia,122603,8991,0
5469,1997-12-26,1996-07-07,293160,60,24,43,F,Usti nad Orlici,east Bohemia,139012,8363,0
5470,1996-04-15,1995-09-09,200976,48,25,66,M,Znojmo,south Moravia,114200,8403,0
5479,1994-01-10,1993-02-27,24516,12,28,62,M,Hl.m. Praha,Prague,1204953,12541,0
5482,1996-01-12,1994-05-21,165120,60,26,71,F,Trutnov,east Bohemia,121947,8541,0
5486,1997-06-13,1995-11-16,466608,48,25,75,F,Kutna Hora,central Bohemia,77963,8546,0
5491,1998-02-13,1996-12-04,428784,48,24,84,M,Hl.m. Praha,Prague,1204953,12541,0
5494,1996-06-13,1994-11-13,360000,48,26,48,F,Zlin,south Moravia,197099,9624,0
5495,1996-08-02,1995-11-09,89340,60,25,49,F,Prostejov,south Moravia,110643,8441,0
5501,1998-05-21,1996-08-21,136344,24,24,56,F,Hl.m. Praha,Prague,1204953,12541,0
5519,1994-03-08,1993-03-08,91632,12,28,58,F,Melnik,central Bohemia,94725,9920,0
5520,1998-08-30,1996-12-25,231168,48,24,42,F,Opava,north Moravia,182027,8746,0
5523,1993-12-08,1993-07-05,93888,36,27,70,F,Vyskov,south Moravia,86513,8288,0
5525,1998-04-27,1997-06-16,93888,36,23,84,M,Benesov,central Bohemia,88884,8507,0
5526,1998-11-08,1997-04-02,69624,36,23,74,M,Usti nad Orlici,east Bohemia,139012,8363,0
5527,1998-06-15,1997-07-06,156420,60,23,64,M,Usti nad Orlici,east Bohemia,139012,8363,0
5531,1997-09-30,1996-02-13,66432,24,25,49,F,Plzen - mesto,west Bohemia,170449,10787,0
5532,1997-05-04,1996-01-26,335280,48,25,68,F,Hodonin,south Moravia,161954,8720,0
5533,1994-07-05,1993-03-20,111384,24,27,54,M,Prachatice,south Bohemia,51428,8402,0
5549,1994-07-16,1993-10-20,50460,60,27,73,F,Praha - zapad,central Bohemia,75637,9622,0
5556,1997-05-19,1996-09-04,268320,60,24,68,F,Hl.m. Praha,Prague,1204953,12541,0
5561,1998-08-29,1997-10-21,437460,60,23,67,F,Frydek - Mistek,north Moravia,228848,9893,0
5563,1996-02-29,1994-07-30,380160,60,26,71,M,Ostrava - mesto,north Moravia,323870,10673,0
5568,1994-05-17,1993-06-18,272520,60,27,81,M,Praha - vychod,central Bohemia,92084,10124,0
5569,1998-01-20,1996-03-27,504000,60,24,50,M,Beroun,central Bohemia,75232,8980,0
5576,1994-12-21,1993-05-30,31248,12,27,82,F,Hl.m. Praha,Prague,1204953,12541,0
5582,1998-04-17,1996-06-04,41256,12,24,82,M,Prachatice,south Bohemia,51428,8402,0
5584,1997-12-06,1996-04-09,24792,24,24,62,M,Vyskov,south Moravia,86513,8288,0
5585,1998-07-08,1996-10-14,88608,12,24,73,M,Zdar nad Sazavou,south Moravia,125832,8512,0
5586,1996-09-14,1996-05-03,48744,36,24,56,F,Vsetin,north Moravia,148545,8909,0
5589,1998-06-05,1997-01-11,390000,48,24,73,M,Havlickuv Brod,east Bohemia,95907,8388,0
5591,1996-12-04,1996-04-20,155616,48,24,61,F,Praha - vychod,central Bohemia,92084,10124,0
5593,1996-04-18,1994-05-26,277884,36,26,40,F,Chrudim,east Bohemia,105606,8254,1
5595,1994-09-02,1993-05-08,82896,12,27,49,M,Prostejov,south Moravia,110643,8441,0
5599,1995-03-21,1993-05-23,15420,12,27,55,F,Teplice,north Bohemia,128118,9317,0
5606,1996-08-28,1996-01-28,253512,36,25,75,F,Kromeriz,south Moravia,108871,8444,1
5610,1996-02-24,1994-08-12,123216,48,26,43,F,Louny,north Bohemia,85852,8965,0
5611,1996-11-15,1996-03-27,321180,60,24,84,M,Ceske Budejovice,south Bohemia,177686,10045,0
5614,1998-09-21,1996-12-15,253560,60,24,69,F,Most,north Bohemia,119895,10446,0
5616,1998-05-15,1996-10-18,130896,24,24,66,F,Louny,north Bohemia,85852,8965,0
5620,1998-06-16,1996-08-26,30012,12,24,67,M,Rychnov nad Kneznou,east Bohemia,78955,9060,0
5624,1995-01-03,1993-08-10,177744,48,27,49,M,Novy Jicin,north Moravia,161227,8678,1
5625,1996-12-15,1995-11-29,222180,60,25,81,M,Rokycany,west Bohemia,45714,8843,1
5634,1997-05-01,1995-11-18,39024,12,25,84,M,Zlin,south Moravia,197099,9624,0
5635,1996-10-04,1995-03-11,77184,36,26,66,F,Hl.m. Praha,Prague,1204953,12541,0
5638,1997-08-27,1996-10-11,68124,12,24,63,M,Ostrava - mesto,north Moravia,323870,10673,0
5643,1997-09-21,1995-12-29,94512,12,25,68,M,Ostrava - mesto,north Moravia,323870,10673,1
5644,1998-11-27,1997-08-08,276084,36,23,57,F,Hl.m. Praha,Prague,1204953,12541,0
5651,1997-12-08,1996-10-12,19248,12,24,56,M,Beroun,central Bohemia,75232,8980,0
5656,1997-02-09,1996-08-27,146064,24,24,67,F,Ostrava - mesto,north Moravia,323870,10673,0
5657,1994-07-05,1993-11-05,4980,12,27,68,F,Vyskov,south Moravia,86513,8288,0
5665,1998-03-11,1996-12-22,40632,12,24,75,F,Pribram,central Bohemia,107870,8754,0
5669,1998-06-27,1997-05-20,71820,36,23,57,M,Vyskov,south Moravia,86513,8288,0
5674,1997-06-10,1996-09-02,207264,48,24,58,M,Havlickuv Brod,east Bohemia,95907,8388,0
5681,1997-10-20,1996-06-06,68664,24,24,41,F,Jihlava,south Moravia,109164,8757,0
5682,1997-03-07,1996-03-13,67464,12,25,85,M,Chomutov,north Bohemia,125236,9675,0
5683,1998-05-29,1997-04-08,140688,48,23,79,M,Jindrichuv Hradec,south Bohemia,93931,8427,0
5693,1995-08-01,1994-12-08,44088,24,26,69,F,Nymburk,central Bohemia,81344,8899,0
5698,1998-09-22,1997-08-29,174840,60,23,69,F,Jihlava,south Moravia,109164,8757,0
5699,1998-05-24,1996-07-19,174960,24,24,43,F,Svitavy,east Bohemia,102609,8187,0
5706,1996-05-24,1994-08-30,161496,36,26,49,M,Olomouc,north Moravia,226122,8994,0
5713,1995-05-30,1993-07-27,158760,60,27,43,M,Rychnov nad Kneznou,east Bohemia,78955,9060,0
5718,1997-09-01,1995-10-28,14028,12,25,75,F,Blansko,south Moravia,107911,8240,0
5719,1997-09-20,1996-04-28,271584,48,24,44,M,Hl.m. Praha,Prague,1204953,12541,0
5723,1994-09-10,1993-03-12,23628,12,28,67,M,Louny,north Bohemia,85852,8965,0
5724,1995-02-05,1993-03-24,316140,60,27,53,M,Hl.m. Praha,Prague,1204953,12541,1
5725,1996-07-23,1995-08-15,444864,48,25,56,M,Zlin,south Moravia,197099,9624,0
5731,1997-11-05,1997-05-08,460980,60,23,56,F,Beroun,central Bohemia,75232,8980,1
5739,1995-01-02,1994-05-01,76380,12,26,63,F,Hl.m. Praha,Prague,1204953,12541,0
5740,1995-04-02,1994-11-25,18564,12,26,58,F,Hl.m. Praha,Prague,1204953,12541,0
5741,1996-11-03,1996-02-19,68544,24,25,44,M,Litomerice,north Bohemia,114006,9065,0
5750,1996-02-08,1994-04-07,63252,12,26,71,F,Melnik,central Bohemia,94725,9920,0
5754,1994-09-28,1993-01-19,23052,12,28,80,F,Brno - mesto,south Moravia,387570,9897,0
5758,1997-05-02,1996-04-23,307200,60,24,59,M,Blansko,south Moravia,107911,8240,1
5760,1998-09-18,1996-11-23,74916,36,24,78,M,Hl.m. Praha,Prague,1204953,12541,0
5765,1998-02-10,1997-10-18,153936,24,23,71,M,Chrudim,east Bohemia,105606,8254,0
5772,1998-03-08,1997-07-08,334620,60,23,59,F,Usti nad Orlici,east Bohemia,139012,8363,0
5773,1998-03-16,1996-04-18,133848,24,24,60,F,Litomerice,north Bohemia,114006,9065,0
5774,1998-07-12,1997-09-28,96984,36,23,49,M,Mlada Boleslav,central Bohemia,112065,11277,0
5779,1997-10-14,1996-05-10,107352,36,24,81,F,Plzen - jih,west Bohemia,67298,8561,0
5782,1998-01-04,1997-06-16,63576,12,23,60,F,Hl.m. Praha,Prague,1204953,12541,0
5784,1997-03-29,1996-09-22,84600,36,24,82,M,Brno - mesto,south Moravia,387570,9897,1
5790,1997-03-20,1996-11-19,84288,48,24,43,F,Hodonin,south Moravia,161954,8720,0
5799,1997-12-28,1997-01-25,106128,36,24,42,M,Liberec,north Bohemia,159617,9198,0
5804,1995-04-05,1993-11-03,158976,48,27,82,M,Usti nad Orlici,east Bohemia,139012,8363,0
5805,1995-11-28,1995-07-22,137904,24,25,52,M,Praha - zapad,central Bohemia,75637,9622,1
5808,1997-07-31,1996-05-26,41856,48,24,60,F,Brno - mesto,south Moravia,387570,9897,0
5815,1998-06-03,1997-10-05,151200,36,23,74,M,Kutna Hora,central Bohemia,77963,8546,0
5817,1997-08-15,1996-05-03,100800,24,24,82,M,Svitavy,east Bohemia,102609,8187,1
5823,1998-06-21,1996-08-19,212976,36,24,47,F,Hl.m. Praha,Prague,1204953,12541,0
5830,1997-08-28,1995-10-04,405780,60,25,70,M,Uherske Hradiste,south Moravia,145688,8544,0
5836,1994-08-27,1994-04-08,79632,24,26,61,F,Zdar nad Sazavou,south Moravia,125832,8512,0
5837,1994-06-29,1993-10-14,244560,60,27,53,F,Breclav,south Moravia,124605,8772,0
5841,1998-11-04,1997-02-20,41988,12,24,48,M,Vsetin,north Moravia,148545,8909,0
5850,1997-05-22,1996-02-04,164196,36,25,64,F,Zlin,south Moravia,197099,9624,0
5856,1997-08-09,1996-07-23,51360,12,24,75,F,Trebic,south Moravia,117897,8814,1
5861,1994-12-08,1993-11-16,51408,24,27,71,M,Rokycany,west Bohemia,45714,8843,0
5862,1997-12-09,1996-04-29,100128,24,24,72,F,Ostrava - mesto,north Moravia,323870,10673,0
5865,1998-10-30,1997-01-08,327660,60,24,79,F,Louny,north Bohemia,85852,8965,0
5868,1997-03-29,1996-03-11,90156,12,25,74,F,Jesenik,north Moravia,42821,8173,0
5876,1995-02-08,1994-01-15,221280,48,27,52,M,Ostrava - mesto,north Moravia,323870,10673,0
5877,1995-02-23,1993-09-10,97224,24,27,69,F,Karlovy Vary,west Bohemia,122603,8991,0
5878,1997-04-01,1995-07-05,74040,12,25,65,F,Opava,north Moravia,182027,8746,0
5880,1995-10-31,1995-04-26,73836,36,25,53,F,Most,north Bohemia,119895,10446,0
5882,1994-09-26,1993-06-07,87816,12,27,59,M,Ceska Lipa,north Bohemia,105058,9272,0
5886,1996-10-31,1996-06-16,192744,36,24,57,M,Uherske Hradiste,south Moravia,145688,8544,0
5887,1994-10-03,1993-06-02,192744,36,27,49,F,Prostejov,south Moravia,110643,8441,0
5889,1998-02-09,1996-09-03,321240,60,24,51,M,Ceske Budejovice,south Bohemia,177686,10045,0
5892,1996-05-14,1995-12-27,66480,24,25,85,M,Opava,north Moravia,182027,8746,1
5893,1998-08-03,1997-04-13,86184,36,23,52,M,Pelhrimov,south Bohemia,74062,8114,0
5895,1997-01-03,1995-10-09,93960,60,25,58,M,Jicin,east Bohemia,77917,8390,0
5897,1996-09-25,1994-11-10,15192,24,26,48,F,Karlovy Vary,west Bohemia,122603,8991,0
5900,1996-01-01,1995-01-03,135360,48,26,45,M,Svitavy,east Bohemia,102609,8187,0
5906,1998-05-05,1997-08-03,81144,36,23,76,F,Frydek - Mistek,north Moravia,228848,9893,0
5909,1998-01-03,1997-02-06,61320,60,24,73,F,Breclav,south Moravia,124605,8772,0
5918,1994-06-04,1993-06-05,300204,36,27,57,M,Plzen - jih,west Bohemia,67298,8561,0
5922,1995-08-05,1994-08-27,20220,12,26,47,F,Nymburk,central Bohemia,81344,8899,0
5923,1996-10-10,1996-06-08,64656,48,24,73,M,Plzen - jih,west Bohemia,67298,8561,0
5930,1998-01-12,1997-09-24,66696,24,23,45,M,Hl.m. Praha,Prague,1204953,12541,0
5931,1997-03-17,1996-07-21,66696,24,24,54,F,Beroun,central Bohemia,75232,8980,1
5932,1997-06-18,1996-06-15,33348,12,24,50,F,Nymburk,central Bohemia,81344,8899,0
5933,1997-12-13,1996-12-12,87528,24,24,70,M,Vsetin,north Moravia,148545,8909,0
5938,1996-08-25,1995-10-15,402000,60,25,40,M,Kladno,central Bohemia,149893,9753,0
5940,1997-05-28,1997-01-03,106944,24,24,67,F,Vyskov,south Moravia,86513,8288,0
5942,1997-03-15,1995-08-08,162624,48,25,63,F,Karvina,north Moravia,285387,10177,0
5953,1997-03-14,1996-10-28,97176,24,24,66,F,Mlada Boleslav,central Bohemia,112065,11277,0
5956,1997-11-04,1997-04-14,168264,36,23,70,M,Opava,north Moravia,182027,8746,0
5959,1995-08-11,1995-02-13,107640,24,26,61,F,Benesov,central Bohemia,88884,8507,0
5963,1997-09-07,1997-02-21,204780,60,24,68,M,Brno - mesto,south Moravia,387570,9897,0
5970,1995-07-09,1994-01-14,465072,48,27,72,M,Zdar nad Sazavou,south Moravia,125832,8512,0
5973,1997-11-24,1997-08-08,219456,48,23,61,F,Nachod,east Bohemia,112709,8369,0
5976,1997-12-27,1996-12-18,465504,48,24,58,M,Olomouc,north Moravia,226122,8994,1
5977,1997-02-25,1996-06-08,59136,48,24,41,F,Plzen - mesto,west Bohemia,170449,10787,0
5980,1995-08-18,1994-06-04,21396,12,26,52,M,Cesky Krumlov,south Bohemia,58796,9045,0
5988,1996-08-22,1996-02-04,141648,24,25,68,M,Usti nad Orlici,east Bohemia,139012,8363,0
5989,1996-03-04,1995-04-13,213300,36,25,56,M,Pardubice,east Bohemia,162580,9538,0
5991,1998-07-27,1997-06-21,335184,48,23,42,F,Bruntal,north Moravia,106054,8110,1
5992,1997-03-18,1996-03-12,76080,12,25,41,F,Kolin,central Bohemia,95616,9307,0
5997,1993-11-04,1993-06-20,117024,24,27,85,M,Ceske Budejovice,south Bohemia,177686,10045,0
5999,1996-01-03,1994-02-06,98832,48,27,50,F,Havlickuv Brod,east Bohemia,95907,8388,0
6004,1994-07-23,1993-02-20,143904,24,28,69,M,Pribram,central Bohemia,107870,8754,0
6006,1996-11-15,1995-07-29,359760,60,25,41,M,Hradec Kralove,east Bohemia,161854,9425,0
6007,1997-08-30,1996-10-14,289920,48,24,77,F,Decin,north Bohemia,133777,8705,0
6010,1997-03-06,1996-08-19,150180,60,24,83,M,Prostejov,south Moravia,110643,8441,0
6011,1996-11-28,1996-01-22,179328,48,25,47,M,Brno - mesto,south Moravia,387570,9897,0
6012,1996-08-03,1996-01-11,258444,36,25,54,M,Hl.m. Praha,Prague,1204953,12541,0
6013,1996-02-03,1994-08-01,128988,36,26,81,M,Strakonice,south Bohemia,70646,8547,1
6014,1997-05-18,1996-02-12,165168,36,25,62,F,Hl.m. Praha,Prague,1204953,12541,0
6015,1996-11-09,1995-12-15,110112,24,25,57,M,Blansko,south Moravia,107911,8240,0
6019,1996-07-25,1995-08-03,11400,12,25,40,F,Brno - mesto,south Moravia,387570,9897,0
6027,1996-02-10,1995-08-27,61656,24,25,67,F,Rakovnik,central Bohemia,53921,8598,1
6028,1997-02-09,1996-04-12,317520,60,24,53,F,Kutna Hora,central Bohemia,77963,8546,0
6037,1997-05-04,1995-08-05,53232,48,25,56,M,Olomouc,north Moravia,226122,8994,0
6038,1994-08-10,1993-06-21,323472,48,27,80,F,Hl.m. Praha,Prague,1204953,12541,0
6043,1996-01-11,1995-04-03,20352,48,25,73,F,Jihlava,south Moravia,109164,8757,0
6044,1998-01-27,1996-12-08,57060,12,24,78,M,Frydek - Mistek,north Moravia,228848,9893,0
6052,1998-03-23,1997-05-13,22356,36,23,80,M,Kolin,central Bohemia,95616,9307,0
6054,1998-07-16,1997-02-24,58764,12,24,75,F,Brno - mesto,south Moravia,387570,9897,0
6055,1997-04-28,1996-02-03,399120,60,25,78,F,Prerov,north Moravia,138032,8819,0
6059,1997-12-28,1997-06-29,79824,12,23,64,M,Rakovnik,central Bohemia,53921,8598,0
6063,1996-04-25,1995-08-18,320976,48,25,84,M,Hl.m. Praha,Prague,1204953,12541,1
6064,1994-08-04,1993-07-01,14628,12,27,72,F,Brno - venkov,south Moravia,157042,8743,0
6066,1994-07-11,1993-06-23,173808,24,27,64,F,Vsetin,north Moravia,148545,8909,0
6072,1994-05-10,1993-10-25,193968,36,27,48,M,Olomouc,north Moravia,226122,8994,0
6073,1996-11-12,1995-07-14,276300,60,25,44,M,Zlin,south Moravia,197099,9624,0
6075,1997-11-26,1996-01-12,129312,24,25,47,F,Kladno,central Bohemia,149893,9753,1
6076,1997-02-02,1996-07-04,117420,60,24,55,M,Semily,east Bohemia,75685,8208,0
6077,1993-11-22,1993-01-13,79608,24,28,50,M,Chrudim,east Bohemia,105606,8254,0
6078,1998-09-09,1997-09-18,170832,48,23,51,M,Cesky Krumlov,south Bohemia,58796,9045,0
6083,1998-03-31,1996-09-16,240528,48,24,64,M,Pardubice,east Bohemia,162580,9538,0
6087,1994-02-27,1993-04-29,300660,60,27,71,M,Teplice,north Bohemia,128118,9317,0
6088,1997-03-07,1996-10-20,90180,36,24,60,M,Plzen - sever,west Bohemia,72541,8594,0
6095,1997-01-24,1995-05-18,68340,60,25,68,M,Kladno,central Bohemia,149893,9753,0
6097,1997-08-21,1996-09-06,202848,48,24,80,F,Sumperk,north Moravia,127369,8369,0
6103,1994-04-07,1993-05-21,149340,60,27,58,M,Chrudim,east Bohemia,105606,8254,0
6104,1997-09-05,1996-04-26,158184,36,24,67,M,Pardubice,east Bohemia,162580,9538,0
6109,1996-06-03,1994-10-22,368880,60,26,46,M,Zdar nad Sazavou,south Moravia,125832,8512,0
6111,1993-09-24,1993-04-14,174744,24,27,72,F,Karlovy Vary,west Bohemia,122603,8991,1
6112,1994-06-17,1993-03-22,174744,24,27,42,F,Chomutov,north Bohemia,125236,9675,1
6113,1997-10-01,1997-02-19,78696,36,24,49,F,Olomouc,north Moravia,226122,8994,0
6118,1997-10-04,1995-12-17,349392,48,25,66,M,Hodonin,south Moravia,161954,8720,0
6120,1994-09-11,1993-08-16,209184,48,27,67,M,Usti nad Orlici,east Bohemia,139012,8363,0
6130,1996-07-18,1995-03-24,32640,48,25,78,M,Hradec Kralove,east Bohemia,161854,9425,0
6136,1998-04-19,1997-08-11,140880,60,23,63,M,Cesky Krumlov,south Bohemia,58796,9045,0
6137,1996-04-10,1994-07-14,44628,12,26,77,M,Rakovnik,central Bohemia,53921,8598,0
6142,1997-01-21,1996-03-16,221880,60,25,77,F,Nymburk,central Bohemia,81344,8899,0
6144,1996-08-09,1996-02-27,44376,12,25,58,M,Cesky Krumlov,south Bohemia,58796,9045,0
6147,1997-12-28,1996-07-10,177504,48,24,76,M,Prachatice,south Bohemia,51428,8402,0
6150,1994-11-02,1993-02-08,83016,12,28,41,M,Karvina,north Moravia,285387,10177,0
6151,1995-04-25,1994-06-17,225420,60,26,72,F,Trebic,south Moravia,117897,8814,0
6153,1995-07-25,1994-11-15,285600,60,26,40,F,Kolin,central Bohemia,95616,9307,0
6157,1995-07-10,1995-01-08,98592,24,26,57,F,Praha - vychod,central Bohemia,92084,10124,0
6168,1998-11-21,1997-09-04,99216,36,23,69,F,Hl.m. Praha,Prague,1204953,12541,0
6169,1995-03-16,1993-07-20,103680,60,27,49,M,Havlickuv Brod,east Bohemia,95907,8388,1
6173,1997-01-08,1995-04-19,232560,48,25,81,F,Ceske Budejovice,south Bohemia,177686,10045,0
6175,1996-02-21,1995-01-25,290700,60,26,62,F,Usti nad Orlici,east Bohemia,139012,8363,1
6178,1995-12-16,1995-07-05,232560,48,25,51,F,Ostrava - mesto,north Moravia,323870,10673,0
6185,1995-11-28,1995-06-08,31176,24,25,53,M,Hl.m. Praha,Prague,1204953,12541,0
6190,1996-05-06,1995-07-14,123600,60,25,53,M,Karvina,north Moravia,285387,10177,0
6196,1997-09-14,1996-07-18,177804,36,24,49,F,Kolin,central Bohemia,95616,9307,0
6202,1994-04-18,1993-01-25,65184,12,28,63,M,Brno - mesto,south Moravia,387570,9897,0
6207,1998-06-23,1996-10-25,184620,60,24,57,F,Jicin,east Bohemia,77917,8390,0
6210,1994-06-06,1993-11-26,87216,48,27,56,M,Cesky Krumlov,south Bohemia,58796,9045,1
6215,1998-06-18,1997-06-06,78720,48,23,76,F,Plzen - jih,west Bohemia,67298,8561,0
6216,1994-09-30,1993-09-07,141240,24,27,58,M,Svitavy,east Bohemia,102609,8187,0
6223,1994-11-03,1993-11-21,61056,48,27,63,F,Hl.m. Praha,Prague,1204953,12541,0
6227,1995-03-04,1993-08-24,28248,24,27,51,F,Pardubice,east Bohemia,162580,9538,0
6228,1993-12-01,1993-03-19,464520,60,27,80,F,Kutna Hora,central Bohemia,77963,8546,1
6229,1994-10-02,1993-04-22,11736,24,27,82,M,Hl.m. Praha,Prague,1204953,12541,0
6232,1994-07-08,1993-08-28,276660,36,27,71,M,Breclav,south Moravia,124605,8772,1
6234,1998-05-28,1997-03-08,5148,12,24,58,F,Hl.m. Praha,Prague,1204953,12541,0
6235,1998-04-19,1996-08-28,321360,60,24,46,M,Karlovy Vary,west Bohemia,122603,8991,0
6237,1998-01-06,1996-09-15,407952,48,24,47,F,Prachatice,south Bohemia,51428,8402,1
6239,1997-09-28,1996-09-19,360864,48,24,43,F,Kutna Hora,central Bohemia,77963,8546,1
6242,1997-10-22,1997-06-15,26208,36,23,47,F,Rokycany,west Bohemia,45714,8843,0
6244,1995-01-08,1994-03-07,270648,36,27,83,M,Hl.m. Praha,Prague,1204953,12541,1
6249,1997-07-30,1997-01-22,67608,24,24,58,F,Brno - mesto,south Moravia,387570,9897,0
6253,1994-11-04,1993-12-27,59760,24,27,62,M,Ostrava - mesto,north Moravia,323870,10673,0
6254,1997-12-28,1996-11-11,247920,48,24,78,F,Chomutov,north Bohemia,125236,9675,0
6255,1997-02-08,1996-05-13,247920,48,24,63,F,Bruntal,north Moravia,106054,8110,1
6272,1994-12-20,1993-07-26,398640,60,27,61,F,Ostrava - mesto,north Moravia,323870,10673,0
6278,1997-06-10,1996-11-01,87360,24,24,84,M,Kolin,central Bohemia,95616,9307,0
6279,1994-06-07,1993-07-21,87360,24,27,58,M,Louny,north Bohemia,85852,8965,0
6283,1996-08-11,1995-04-05,85632,48,25,71,F,Zlin,south Moravia,197099,9624,0
6294,1995-02-12,1993-11-26,79920,60,27,67,M,Plzen - mesto,west Bohemia,170449,10787,0
6296,1996-08-06,1995-05-27,270384,48,25,58,M,Beroun,central Bohemia,75232,8980,0
6297,1994-10-25,1993-08-01,17508,12,27,74,M,Ostrava - mesto,north Moravia,323870,10673,0
6302,1996-09-16,1995-03-15,181020,60,26,54,F,Rychnov nad Kneznou,east Bohemia,78955,9060,0
6303,1996-02-12,1995-10-09,72408,24,25,62,F,Tachov,west Bohemia,51313,8930,1
6306,1994-12-20,1993-03-29,36684,12,27,42,F,Tachov,west Bohemia,51313,8930,0
6309,1996-11-11,1995-05-08,110136,24,25,63,F,Hl.m. Praha,Prague,1204953,12541,0
6310,1997-06-17,1996-11-01,34572,12,24,44,F,Hl.m. Praha,Prague,1204953,12541,0
6312,1998-05-17,1996-07-27,10944,36,24,69,M,Chomutov,north Bohemia,125236,9675,0
6313,1997-06-15,1996-07-17,150912,36,24,45,F,Svitavy,east Bohemia,102609,8187,0
6315,1995-02-06,1994-02-08,43164,12,27,45,F,Trebic,south Moravia,117897,8814,0
6316,1994-05-26,1993-01-26,76908,12,28,75,F,Pribram,central Bohemia,107870,8754,1
6320,1998-04-28,1996-07-23,104964,12,24,54,M,Kutna Hora,central Bohemia,77963,8546,0
6321,1998-10-08,1997-09-13,38496,12,23,57,F,Melnik,central Bohemia,94725,9920,0
6322,1997-05-06,1996-12-18,76992,24,24,55,M,Ostrava - mesto,north Moravia,323870,10673,0
6336,1994-03-31,1993-03-05,212400,36,28,54,F,Louny,north Bohemia,85852,8965,0
6338,1997-08-24,1996-10-20,390660,60,24,42,F,Hl.m. Praha,Prague,1204953,12541,0
6342,1995-11-12,1995-03-27,60156,36,25,44,M,Jindrichuv Hradec,south Bohemia,93931,8427,1
6346,1997-05-22,1995-07-08,100260,60,25,53,M,Hl.m. Praha,Prague,1204953,12541,0
6350,1997-07-09,1996-01-03,294384,48,25,54,F,Brno - mesto,south Moravia,387570,9897,0
6353,1997-12-25,1996-02-10,116496,24,25,62,M,Trebic,south Moravia,117897,8814,0
6354,1996-10-23,1996-06-25,22968,36,24,70,F,Jindrichuv Hradec,south Bohemia,93931,8427,0
6355,1997-09-24,1996-06-08,127200,48,24,55,M,Jablonec n. Nisou,north Bohemia,88768,8867,0
6356,1993-12-08,1993-03-15,95400,36,28,50,M,Semily,east Bohemia,75685,8208,0
6357,1998-07-12,1996-12-28,64860,60,24,41,F,Louny,north Bohemia,85852,8965,0
6358,1995-01-14,1993-09-15,137880,60,27,58,M,Rychnov nad Kneznou,east Bohemia,78955,9060,1
6362,1995-10-31,1994-07-28,37908,12,26,44,F,Uherske Hradiste,south Moravia,145688,8544,0
6377,1997-03-17,1996-05-11,17184,12,24,76,F,Hl.m. Praha,Prague,1204953,12541,0
6386,1997-04-30,1995-08-19,124344,36,25,41,F,Hradec Kralove,east Bohemia,161854,9425,0
6399,1997-12-21,1996-10-22,49320,36,24,55,M,Prostejov,south Moravia,110643,8441,0
6402,1998-12-06,1997-05-12,139488,24,23,51,M,Beroun,central Bohemia,75232,8980,0
6403,1995-12-05,1994-06-01,194880,48,26,41,M,Ostrava - mesto,north Moravia,323870,10673,0
6407,1994-05-26,1993-09-08,25944,24,27,60,F,Usti nad Labem,north Bohemia,118650,9832,0
6415,1997-02-12,1996-10-12,475680,48,24,54,F,Liberec,north Bohemia,159617,9198,0
6421,1996-07-25,1995-07-27,96768,36,25,53,F,Louny,north Bohemia,85852,8965,0
6435,1997-06-16,1996-12-26,288720,48,24,77,M,Trutnov,east Bohemia,121947,8541,0
6436,1998-05-22,1997-10-12,495180,60,23,41,F,Jesenik,north Moravia,42821,8173,0
6437,1997-11-09,1997-07-17,63972,36,23,73,M,Brno - venkov,south Moravia,157042,8743,1
6442,1998-02-08,1996-09-06,194160,48,24,75,F,Hodonin,south Moravia,161954,8720,0
6450,1998-06-10,1996-08-20,234336,48,24,49,F,Hl.m. Praha,Prague,1204953,12541,0
6456,1993-12-09,1993-04-14,47016,12,27,63,F,Zlin,south Moravia,197099,9624,0
6460,1994-11-06,1993-09-17,48672,36,27,72,F,Hl.m. Praha,Prague,1204953,12541,0
6461,1996-09-19,1995-04-09,74124,36,25,81,F,Pribram,central Bohemia,107870,8754,0
6464,1998-04-16,1997-09-11,49488,24,23,79,F,Novy Jicin,north Moravia,161227,8678,0
6468,1997-11-30,1996-12-07,203940,60,24,66,F,Hl.m. Praha,Prague,1204953,12541,0
6469,1998-11-17,1997-06-12,99744,24,23,49,F,Melnik,central Bohemia,94725,9920,0
6470,1998-05-17,1996-07-02,49872,12,24,54,F,Vsetin,north Moravia,148545,8909,0
6471,1996-08-04,1995-06-19,155640,24,25,78,F,Kolin,central Bohemia,95616,9307,0
6474,1995-06-06,1993-09-06,63360,60,27,65,M,Semily,east Bohemia,75685,8208,0
6486,1998-01-15,1996-04-23,152160,60,24,72,F,Pelhrimov,south Bohemia,74062,8114,0
6490,1997-02-10,1996-08-30,73260,60,24,80,F,Karvina,north Moravia,285387,10177,0
6495,1998-03-12,1997-09-28,49044,12,23,67,F,Praha - zapad,central Bohemia,75637,9622,0
6499,1994-01-05,1993-02-26,80952,24,28,76,M,Hl.m. Praha,Prague,1204953,12541,0
6501,1996-04-29,1995-04-07,30276,12,25,81,F,Tabor,south Bohemia,103347,9104,1
6502,1997-12-08,1996-07-28,30276,12,24,59,M,Frydek - Mistek,north Moravia,228848,9893,0
6508,1998-04-19,1997-08-08,110736,48,23,81,F,Prachatice,south Bohemia,51428,8402,0
6509,1994-03-15,1993-03-18,55368,24,28,81,F,Zlin,south Moravia,197099,9624,0
6512,1994-05-26,1993-04-19,63312,48,27,64,F,Kladno,central Bohemia,149893,9753,0
6520,1994-03-16,1993-07-28,91200,24,27,65,F,Most,north Bohemia,119895,10446,0
6526,1995-01-03,1994-08-29,288468,36,26,62,F,Vyskov,south Moravia,86513,8288,0
6534,1997-10-19,1996-05-16,590820,60,24,53,M,Brno - mesto,south Moravia,387570,9897,0
6535,1995-11-02,1994-09-03,41952,12,26,48,M,Hradec Kralove,east Bohemia,161854,9425,0
6539,1998-07-11,1997-05-24,12792,12,23,47,F,Breclav,south Moravia,124605,8772,0
6540,1995-12-31,1995-01-17,309600,48,26,45,M,Olomouc,north Moravia,226122,8994,0
6541,1997-08-17,1996-04-02,153504,48,24,45,M,Kromeriz,south Moravia,108871,8444,0
6544,1997-12-11,1996-02-16,130464,48,25,46,M,Jindrichuv Hradec,south Bohemia,93931,8427,0
6545,1995-12-12,1995-03-15,191880,60,26,72,M,Tabor,south Bohemia,103347,9104,0
6546,1995-03-27,1993-09-05,31728,24,27,70,M,Hl.m. Praha,Prague,1204953,12541,0
6550,1996-05-18,1995-02-08,320592,48,26,50,F,Uherske Hradiste,south Moravia,145688,8544,0
6552,1998-01-08,1996-09-22,170448,48,24,77,F,Frydek - Mistek,north Moravia,228848,9893,0
6553,1998-01-26,1996-10-08,42384,12,24,79,F,Teplice,north Bohemia,128118,9317,0
6554,1997-01-29,1996-08-19,390096,48,24,42,M,Nachod,east Bohemia,112709,8369,0
6562,1997-03-21,1996-07-21,94488,24,24,62,M,Hl.m. Praha,Prague,1204953,12541,0
6568,1998-02-25,1996-05-25,220440,60,24,65,F,Svitavy,east Bohemia,102609,8187,0
6569,1998-05-28,1997-07-03,45456,12,23,73,F,Rakovnik,central Bohemia,53921,8598,0
6571,1998-05-12,1996-07-08,140064,24,24,70,F,Prachatice,south Bohemia,51428,8402,0
6574,1997-12-20,1996-11-29,77544,36,24,78,F,Benesov,central Bohemia,88884,8507,0
6577,1994-03-11,1993-02-08,51696,24,28,53,F,Ostrava - mesto,north Moravia,323870,10673,0
6578,1995-12-11,1994-07-10,27984,12,26,72,M,Usti nad Orlici,east Bohemia,139012,8363,0
6580,1994-05-22,1993-10-03,196080,48,27,62,M,Cheb,west Bohemia,87419,8624,0
6585,1996-10-29,1995-01-05,372120,60,26,76,M,Zlin,south Moravia,197099,9624,0
6589,1996-01-01,1995-04-09,189696,24,25,75,M,Prachatice,south Bohemia,51428,8402,0
6591,1995-02-02,1993-08-01,20832,48,27,72,M,Louny,north Bohemia,85852,8965,0
6594,1994-09-28,1994-05-17,189696,24,26,51,F,Prostejov,south Moravia,110643,8441,1
6596,1994-06-25,1993-11-26,91584,24,27,69,F,Hl.m. Praha,Prague,1204953,12541,0
6598,1995-01-18,1993-08-04,68112,12,27,43,F,Prerov,north Moravia,138032,8819,0
6599,1996-11-19,1995-03-14,72120,12,26,68,F,Usti nad Orlici,east Bohemia,139012,8363,0
6600,1995-10-08,1995-04-22,21852,36,25,66,M,Chomutov,north Bohemia,125236,9675,0
6605,1997-10-14,1996-03-26,79344,48,24,69,F,Cheb,west Bohemia,87419,8624,0
6607,1997-10-21,1996-04-09,153144,36,24,52,M,Plzen - jih,west Bohemia,67298,8561,0
6612,1997-08-31,1996-07-27,97392,12,24,60,M,Karvina,north Moravia,285387,10177,0
6613,1996-09-22,1996-06-09,84120,24,24,71,F,Jesenik,north Moravia,42821,8173,0
6621,1997-06-14,1995-09-07,42900,12,25,56,M,Trutnov,east Bohemia,121947,8541,0
6624,1994-09-30,1993-11-08,71460,12,27,75,M,Brno - venkov,south Moravia,157042,8743,0
6625,1997-09-07,1996-12-27,473280,60,24,53,F,Brno - mesto,south Moravia,387570,9897,1
6632,1998-04-23,1996-08-30,144960,48,24,54,F,Nymburk,central Bohemia,81344,8899,0
6633,1998-02-05,1996-04-25,160656,24,24,50,F,Praha - vychod,central Bohemia,92084,10124,0
6641,1997-09-09,1997-03-23,128268,36,23,78,M,Liberec,north Bohemia,159617,9198,0
6642,1994-06-05,1993-07-07,77640,12,27,53,M,Chrudim,east Bohemia,105606,8254,0
6643,1998-01-18,1996-08-17,35856,24,24,53,F,Pardubice,east Bohemia,162580,9538,0
6644,1996-10-20,1995-12-17,93600,24,25,48,M,Nymburk,central Bohemia,81344,8899,0
6645,1994-11-06,1993-10-10,140400,36,27,79,M,Hl.m. Praha,Prague,1204953,12541,0
6647,1994-06-01,1993-02-07,208320,48,28,52,F,Hl.m. Praha,Prague,1204953,12541,0
6650,1994-02-17,1993-09-03,49320,12,27,75,F,Karlovy Vary,west Bohemia,122603,8991,1
6655,1997-10-17,1996-04-08,260400,60,24,70,F,Opava,north Moravia,182027,8746,1
6659,1996-02-20,1995-01-11,56100,60,26,62,M,Brno - mesto,south Moravia,387570,9897,0
6660,1997-05-09,1996-11-24,220428,36,24,58,M,Bruntal,north Moravia,106054,8110,0
6665,1997-08-15,1995-10-14,99300,60,25,47,F,Kromeriz,south Moravia,108871,8444,0
6667,1996-07-15,1994-10-13,155880,24,26,52,F,Litomerice,north Bohemia,114006,9065,0
6668,1994-07-30,1993-06-26,74736,36,27,55,M,Jicin,east Bohemia,77917,8390,0
6675,1997-11-01,1996-06-16,238716,36,24,56,M,Rychnov nad Kneznou,east Bohemia,78955,9060,0
6676,1995-06-13,1995-02-08,29784,24,26,51,F,Plzen - mesto,west Bohemia,170449,10787,0
6677,1997-08-12,1995-11-28,97980,60,25,41,F,Rokycany,west Bohemia,45714,8843,0
6678,1994-05-20,1993-07-05,80340,12,27,45,F,Praha - zapad,central Bohemia,75637,9622,0
6682,1998-03-30,1996-12-07,36204,12,24,83,M,Svitavy,east Bohemia,102609,8187,1
6686,1994-08-25,1993-03-24,224604,36,27,44,M,Tachov,west Bohemia,51313,8930,0
6687,1993-09-13,1993-05-12,87840,24,27,41,F,Rakovnik,central Bohemia,53921,8598,0
6688,1997-09-26,1996-09-19,8616,24,24,45,M,Kromeriz,south Moravia,108871,8444,0
6694,1995-03-19,1994-06-04,134784,24,26,80,F,Karvina,north Moravia,285387,10177,0
6695,1997-06-04,1997-01-19,309660,60,24,62,F,Trutnov,east Bohemia,121947,8541,0
6696,1994-05-09,1993-04-12,89040,60,27,51,F,Vsetin,north Moravia,148545,8909,0
6698,1996-03-10,1995-08-08,247728,48,25,41,M,Hl.m. Praha,Prague,1204953,12541,0
6699,1994-03-30,1993-03-28,7656,24,27,58,F,Rychnov nad Kneznou,east Bohemia,78955,9060,0
6704,1995-06-01,1993-11-20,417060,60,27,59,F,Rokycany,west Bohemia,45714,8843,0
6705,1997-07-25,1996-09-17,333648,48,24,44,F,Ceske Budejovice,south Bohemia,177686,10045,1
6712,1995-10-14,1994-05-10,266220,60,26,56,F,Strakonice,south Bohemia,70646,8547,0
6715,1996-05-06,1994-12-02,220620,60,26,77,F,Strakonice,south Bohemia,70646,8547,0
6721,1994-01-21,1993-09-08,21072,24,27,56,F,Kladno,central Bohemia,149893,9753,0
6725,1995-06-23,1993-09-18,265320,36,27,72,F,Prachatice,south Bohemia,51428,8402,0
6726,1995-09-03,1994-06-29,85860,60,26,65,F,Benesov,central Bohemia,88884,8507,0
6727,1997-12-10,1997-03-20,42840,12,23,83,M,Karvina,north Moravia,285387,10177,0
6729,1994-08-11,1993-04-02,74688,12,27,76,F,Cheb,west Bohemia,87419,8624,0
6730,1998-02-15,1996-11-25,93036,12,24,40,F,Brno - mesto,south Moravia,387570,9897,0
6732,1996-09-19,1995-10-10,174048,48,25,69,F,Pardubice,east Bohemia,162580,9538,0
6734,1996-05-30,1995-07-17,173016,36,25,76,F,Ceske Budejovice,south Bohemia,177686,10045,0
6736,1994-06-14,1994-02-27,288360,60,27,85,M,Hl.m. Praha,Prague,1204953,12541,0
6737,1995-03-11,1993-09-12,76680,24,27,72,M,Frydek - Mistek,north Moravia,228848,9893,0
6738,1994-09-29,1993-10-08,230220,36,27,78,F,Ostrava - mesto,north Moravia,323870,10673,1
6745,1995-04-10,1993-11-10,47304,24,27,49,M,Zlin,south Moravia,197099,9624,0
6746,1998-06-06,1997-08-22,185640,60,23,58,F,Nachod,east Bohemia,112709,8369,0
6748,1998-12-08,1997-06-23,240900,60,23,71,F,Prostejov,south Moravia,110643,8441,0
6751,1996-07-14,1996-02-12,85716,36,25,82,M,Pelhrimov,south Bohemia,74062,8114,0
6753,1997-03-20,1996-11-22,67980,12,24,74,F,Zdar nad Sazavou,south Moravia,125832,8512,0
6755,1998-07-24,1997-05-18,170700,60,23,49,M,Blansko,south Moravia,107911,8240,0
6758,1997-07-29,1997-01-28,33144,12,24,41,F,Karvina,north Moravia,285387,10177,0
6763,1997-06-19,1996-05-16,88272,48,24,41,F,Hl.m. Praha,Prague,1204953,12541,0
6764,1995-08-26,1994-08-24,33984,48,26,48,M,Zlin,south Moravia,197099,9624,0
6766,1998-04-28,1996-10-16,74352,24,24,63,F,Hl.m. Praha,Prague,1204953,12541,0
6785,1995-12-25,1994-09-05,125340,60,26,76,M,Hl.m. Praha,Prague,1204953,12541,0
6790,1998-06-08,1997-07-03,76104,24,23,59,F,Uherske Hradiste,south Moravia,145688,8544,0
6791,1998-01-23,1997-03-21,566640,60,23,49,F,Hl.m. Praha,Prague,1204953,12541,0
6793,1997-01-30,1996-01-01,186300,60,25,73,M,Vyskov,south Moravia,86513,8288,0
6805,1996-12-21,1996-05-21,45024,48,24,63,F,Karvina,north Moravia,285387,10177,0
6808,1994-10-12,1993-09-25,227880,36,27,65,F,Zlin,south Moravia,197099,9624,0
6810,1996-06-08,1994-09-02,186384,48,26,62,M,Teplice,north Bohemia,128118,9317,0
6816,1996-03-26,1995-11-22,100224,48,25,64,F,Karvina,north Moravia,285387,10177,1
6817,1996-10-04,1996-01-05,70656,48,25,68,M,Hl.m. Praha,Prague,1204953,12541,0
6818,1996-12-12,1995-01-21,155616,48,26,49,F,Olomouc,north Moravia,226122,8994,0
6819,1997-05-03,1997-01-15,50112,24,24,73,M,Pardubice,east Bohemia,162580,9538,0
6820,1993-12-16,1993-06-28,38148,12,27,56,F,Hl.m. Praha,Prague,1204953,12541,0
6821,1998-09-15,1996-10-22,321936,48,24,59,F,Hl.m. Praha,Prague,1204953,12541,0
6824,1997-02-26,1995-08-30,71976,24,25,55,M,Hradec Kralove,east Bohemia,161854,9425,1
6836,1994-08-03,1993-06-16,189300,60,27,67,M,Pardubice,east Bohemia,162580,9538,0
6841,1994-08-07,1994-01-21,172080,48,27,64,F,Praha - vychod,central Bohemia,92084,10124,0
6851,1997-06-03,1996-07-18,272220,60,24,74,F,Plzen - mesto,west Bohemia,170449,10787,1
6852,1998-11-10,1997-08-18,16032,48,23,55,F,Ceska Lipa,north Bohemia,105058,9272,0
6855,1998-03-01,1996-12-12,52236,36,24,82,M,Nymburk,central Bohemia,81344,8899,0
6856,1998-12-01,1997-09-14,163332,36,23,83,M,Pisek,south Bohemia,70699,8968,0
6857,1998-06-08,1996-08-02,69600,48,24,51,M,Zlin,south Moravia,197099,9624,0
6859,1998-03-07,1997-04-02,272220,60,23,80,F,Breclav,south Moravia,124605,8772,0
6861,1998-02-28,1997-01-21,215040,60,24,60,F,Plzen - sever,west Bohemia,72541,8594,0
6863,1993-07-28,1993-02-08,127080,60,28,84,M,Jicin,east Bohemia,77917,8390,0
6865,1996-09-11,1996-05-15,29448,12,24,73,M,Olomouc,north Moravia,226122,8994,1
6866,1998-02-05,1996-10-28,122472,24,24,60,F,Jesenik,north Moravia,42821,8173,0
6868,1998-10-12,1997-05-24,82128,24,23,51,M,Rokycany,west Bohemia,45714,8843,0
6871,1997-04-13,1996-01-01,164256,48,25,48,M,Praha - zapad,central Bohemia,75637,9622,0
6872,1998-04-29,1997-11-04,191580,60,23,55,F,Trutnov,east Bohemia,121947,8541,0
6875,1997-03-13,1995-06-24,83280,48,25,79,F,Litomerice,north Bohemia,114006,9065,0
6876,1993-12-21,1993-08-18,86616,12,27,59,M,Praha - zapad,central Bohemia,75637,9622,0
6877,1997-06-19,1996-09-25,285240,60,24,68,M,Ostrava - mesto,north Moravia,323870,10673,0
6878,1997-01-24,1996-03-15,23184,12,25,41,F,Hodonin,south Moravia,161954,8720,0
6887,1997-05-08,1996-06-04,39576,12,24,56,F,Frydek - Mistek,north Moravia,228848,9893,0
6888,1994-07-11,1993-02-04,39576,12,28,40,F,Hl.m. Praha,Prague,1204953,12541,0
6895,1994-09-19,1993-01-24,41904,12,28,46,M,Frydek - Mistek,north Moravia,228848,9893,0
6903,1994-06-04,1993-09-13,52128,24,27,61,F,Sokolov,west Bohemia,94812,9650,0
6908,1997-06-08,1995-11-03,188616,24,25,82,M,Kromeriz,south Moravia,108871,8444,0
6913,1997-04-29,1995-09-17,99936,24,25,55,F,Hl.m. Praha,Prague,1204953,12541,0
6919,1994-08-05,1993-03-27,120888,36,27,76,F,Hl.m. Praha,Prague,1204953,12541,0
6921,1996-10-29,1996-03-06,86184,12,25,80,F,Karvina,north Moravia,285387,10177,0
6922,1997-08-26,1996-12-30,83628,36,24,43,F,Brno - mesto,south Moravia,387570,9897,0
6923,1998-10-05,1997-08-14,44640,24,23,64,M,Kromeriz,south Moravia,108871,8444,0
6926,1998-02-07,1996-11-03,374760,60,24,69,M,Opava,north Moravia,182027,8746,0
6929,1995-05-08,1993-07-06,36396,12,27,48,M,Hl.m. Praha,Prague,1204953,12541,0
6932,1998-06-25,1996-08-08,225504,48,24,41,M,Melnik,central Bohemia,94725,9920,0
6933,1995-09-09,1995-04-02,188688,48,25,55,F,Zlin,south Moravia,197099,9624,0
6934,1997-02-09,1996-05-10,116832,12,24,72,F,Tabor,south Bohemia,103347,9104,0
6938,1997-03-10,1996-01-29,341280,60,25,71,M,Nymburk,central Bohemia,81344,8899,0
6940,1996-11-22,1996-06-09,228276,36,24,59,M,Hl.m. Praha,Prague,1204953,12541,0
6942,1997-07-16,1996-05-12,18324,12,24,69,F,Kromeriz,south Moravia,108871,8444,0
6944,1996-11-15,1996-06-07,46176,48,24,54,M,Uherske Hradiste,south Moravia,145688,8544,0
6948,1998-03-15,1997-07-13,157068,36,23,49,F,Hl.m. Praha,Prague,1204953,12541,0
6949,1995-12-12,1994-05-22,104712,24,26,50,F,Tachov,west Bohemia,51313,8930,0
6950,1995-04-11,1993-05-20,104712,24,27,76,M,Ostrava - mesto,north Moravia,323870,10673,0
6955,1995-11-22,1994-07-22,244368,48,26,50,M,Znojmo,south Moravia,114200,8403,0
6956,1997-11-09,1996-06-25,59448,24,24,63,M,Praha - zapad,central Bohemia,75637,9622,0
6959,1997-06-30,1996-01-08,59448,24,25,68,M,Karvina,north Moravia,285387,10177,1
6960,1995-01-11,1993-03-13,76416,24,28,83,M,Hl.m. Praha,Prague,1204953,12541,0
6961,1996-06-06,1996-01-23,176148,36,25,57,F,Louny,north Bohemia,85852,8965,0
6962,1998-04-02,1996-07-30,279072,48,24,52,M,Hl.m. Praha,Prague,1204953,12541,0
6965,1995-06-13,1993-11-14,139536,24,27,79,F,Trebic,south Moravia,117897,8814,0
6969,1998-09-12,1997-06-07,88200,36,23,76,M,Sumperk,north Moravia,127369,8369,0
6970,1997-06-17,1996-10-13,31620,60,24,81,M,Mlada Boleslav,central Bohemia,112065,11277,0
6984,1997-08-15,1997-01-01,116040,60,24,81,F,Brno - mesto,south Moravia,387570,9897,0
6985,1995-11-22,1994-12-01,113796,36,26,49,M,Brno - mesto,south Moravia,387570,9897,0
6986,1995-02-11,1994-05-16,151728,48,26,44,M,Ostrava - mesto,north Moravia,323870,10673,1
6992,1996-07-27,1995-11-09,133968,48,25,77,M,Usti nad Orlici,east Bohemia,139012,8363,0
6995,1996-09-26,1995-01-19,96168,12,26,48,F,Zlin,south Moravia,197099,9624,0
6996,1995-04-13,1993-05-20,126600,24,27,82,M,Praha - zapad,central Bohemia,75637,9622,0
6998,1994-05-21,1993-07-24,97632,12,27,52,F,Strakonice,south Bohemia,70646,8547,0
7001,1997-08-10,1996-07-08,300600,60,24,56,F,Plzen - jih,west Bohemia,67298,8561,0
7004,1995-03-15,1993-08-21,331560,60,27,40,M,Pribram,central Bohemia,107870,8754,0
7008,1995-09-22,1995-03-04,36168,12,26,59,M,Hl.m. Praha,Prague,1204953,12541,0
7013,1996-08-02,1995-11-09,89340,60,25,49,F,Prostejov,south Moravia,110643,8441,0
7034,1996-07-11,1995-05-28,19044,36,25,46,F,Karlovy Vary,west Bohemia,122603,8991,0
7035,1998-07-29,1997-11-29,210744,36,23,42,M,Zlin,south Moravia,197099,9624,0
7036,1996-09-25,1995-06-15,194940,36,25,56,M,Mlada Boleslav,central Bohemia,112065,11277,0
7037,1998-01-03,1997-05-07,218064,48,23,76,F,Hl.m. Praha,Prague,1204953,12541,0
7046,1997-03-28,1996-03-28,91632,12,24,77,M,Pelhrimov,south Bohemia,74062,8114,0
7049,1997-06-24,1996-10-13,233424,36,24,62,M,Kladno,central Bohemia,149893,9753,0
7050,1997-09-23,1996-03-30,311232,48,24,74,F,Sumperk,north Moravia,127369,8369,0
7051,1997-07-28,1997-04-02,77808,12,23,65,M,Hl.m. Praha,Prague,1204953,12541,0
7055,1994-04-06,1993-05-06,167100,60,27,51,F,Uherske Hradiste,south Moravia,145688,8544,0
7057,1995-10-20,1994-07-01,231696,36,26,47,M,Hl.m. Praha,Prague,1204953,12541,0
7061,1994-08-27,1993-04-28,121896,24,27,56,M,Brno - venkov,south Moravia,157042,8743,0
7066,1994-05-02,1993-11-27,215388,36,27,61,M,Hl.m. Praha,Prague,1204953,12541,1
7067,1998-01-11,1997-04-26,136368,24,23,51,M,Domazlice,west Bohemia,58400,8620,0
7072,1998-01-27,1997-01-13,22104,12,24,55,F,Chomutov,north Bohemia,125236,9675,0
7085,1997-06-19,1996-07-08,305424,48,24,57,F,Karvina,north Moravia,285387,10177,0
7087,1997-02-20,1996-04-12,44304,24,24,54,M,Louny,north Bohemia,85852,8965,0
7088,1997-05-03,1996-02-21,239160,60,25,74,M,Plzen - jih,west Bohemia,67298,8561,0
7091,1998-09-22,1997-09-03,113436,36,23,65,M,Chrudim,east Bohemia,105606,8254,0
7096,1998-09-02,1997-05-01,37812,12,23,56,F,Plzen - jih,west Bohemia,67298,8561,0
7097,1993-12-23,1993-06-10,75624,24,27,62,M,Brno - mesto,south Moravia,387570,9897,1
7100,1997-12-31,1996-12-01,348120,60,24,58,F,Jesenik,north Moravia,42821,8173,0
7101,1996-11-18,1996-01-19,421008,48,25,67,M,Ceske Budejovice,south Bohemia,177686,10045,0
7104,1993-12-13,1993-07-11,259740,60,27,42,M,Frydek - Mistek,north Moravia,228848,9893,0
7110,1998-01-21,1996-04-07,31260,12,24,52,M,Liberec,north Bohemia,159617,9198,0
7115,1997-03-04,1995-05-04,88704,48,25,60,F,Cheb,west Bohemia,87419,8624,0
7119,1997-06-02,1996-06-21,86880,12,24,80,F,Tabor,south Bohemia,103347,9104,0
7121,1993-11-10,1993-01-17,21924,36,28,60,M,Brno - venkov,south Moravia,157042,8743,0
7122,1997-01-04,1995-09-02,260640,36,25,72,F,Domazlice,west Bohemia,58400,8620,1
7129,1998-03-01,1996-12-30,194280,60,24,51,M,Hl.m. Praha,Prague,1204953,12541,0
7130,1996-12-11,1995-11-23,123408,24,25,56,M,Most,north Bohemia,119895,10446,0
7136,1996-09-28,1996-03-21,54396,36,24,81,M,Prostejov,south Moravia,110643,8441,0
7137,1994-06-03,1993-11-21,151560,24,27,67,M,Zdar nad Sazavou,south Moravia,125832,8512,0
7138,1995-07-03,1993-09-13,60000,60,27,74,M,Olomouc,north Moravia,226122,8994,0
7139,1998-01-22,1996-05-29,23412,12,24,65,M,Olomouc,north Moravia,226122,8994,0
7142,1994-12-19,1993-08-29,482940,60,27,44,F,Hl.m. Praha,Prague,1204953,12541,1
7147,1998-01-02,1996-02-24,267600,48,25,63,F,Karvina,north Moravia,285387,10177,0
7151,1998-02-18,1997-01-09,133800,24,24,80,M,Pribram,central Bohemia,107870,8754,0
7154,1996-12-05,1995-10-24,417600,60,25,50,M,Brno - venkov,south Moravia,157042,8743,0
7164,1998-08-15,1997-11-04,249792,48,23,56,M,Brno - venkov,south Moravia,157042,8743,0
7166,1995-06-24,1995-01-15,198240,24,26,65,M,Usti nad Labem,north Bohemia,118650,9832,0
7167,1998-06-18,1997-07-12,269964,36,23,42,F,Jindrichuv Hradec,south Bohemia,93931,8427,0
7168,1998-07-05,1996-12-21,208332,36,24,40,F,Benesov,central Bohemia,88884,8507,0
7171,1998-02-24,1997-09-09,196224,48,23,71,M,Sumperk,north Moravia,127369,8369,0
7172,1998-05-07,1997-03-18,45720,12,24,42,F,Hl.m. Praha,Prague,1204953,12541,0
7176,1995-10-28,1993-12-08,260028,36,27,44,M,Praha - zapad,central Bohemia,75637,9622,0
7181,1997-10-02,1997-05-30,197808,24,23,58,F,Hl.m. Praha,Prague,1204953,12541,0
7187,1997-12-24,1996-07-08,24180,60,24,82,M,Liberec,north Bohemia,159617,9198,0
7189,1996-03-21,1994-12-23,154656,48,26,64,M,Novy Jicin,north Moravia,161227,8678,0
7192,1994-12-21,1993-04-17,115992,36,27,83,M,Jicin,east Bohemia,77917,8390,0
7194,1996-09-17,1995-10-23,68832,36,25,61,M,Hl.m. Praha,Prague,1204953,12541,0
7195,1998-04-23,1997-07-05,339168,48,23,79,F,Nachod,east Bohemia,112709,8369,0
7198,1994-08-23,1993-11-22,45768,12,27,43,F,Bruntal,north Moravia,106054,8110,0
7199,1997-12-09,1996-09-18,45768,12,24,76,M,Prerov,north Moravia,138032,8819,0
7200,1998-07-11,1997-08-19,31140,60,23,44,M,Sumperk,north Moravia,127369,8369,0
7201,1997-03-07,1996-03-13,67464,12,25,85,M,Chomutov,north Bohemia,125236,9675,0
7202,1998-05-29,1997-04-08,140688,48,23,79,M,Jindrichuv Hradec,south Bohemia,93931,8427,0
7209,1997-11-30,1996-10-02,385560,60,24,64,M,Svitavy,east Bohemia,102609,8187,1
7213,1996-02-13,1995-02-20,113544,36,26,78,M,Znojmo,south Moravia,114200,8403,0
7219,1997-08-23,1996-11-21,57120,48,24,62,M,Ceska Lipa,north Bohemia,105058,9272,0
7220,1994-07-28,1993-05-29,131292,36,27,66,M,Hl.m. Praha,Prague,1204953,12541,0
7221,1998-06-11,1997-02-15,152460,60,24,69,F,Klatovy,west Bohemia,88757,8554,0
7226,1994-02-23,1993-09-13,197748,36,27,50,F,Svitavy,east Bohemia,102609,8187,0
7227,1995-10-02,1994-06-05,314520,60,26,65,F,Chrudim,east Bohemia,105606,8254,0
7230,1997-04-02,1996-07-29,18720,60,24,60,M,Klatovy,west Bohemia,88757,8554,0
7233,1996-12-25,1995-05-20,115812,36,25,67,M,Jindrichuv Hradec,south Bohemia,93931,8427,0
7235,1993-10-13,1993-04-20,154416,48,27,51,F,Pisek,south Bohemia,70699,8968,0
7240,1993-09-06,1993-02-14,274740,60,28,42,M,Hl.m. Praha,Prague,1204953,12541,0
7241,1995-03-04,1993-08-10,168984,24,27,45,M,Hl.m. Praha,Prague,1204953,12541,1
7242,1997-10-23,1996-07-26,48096,24,24,62,M,Ceska Lipa,north Bohemia,105058,9272,0
7243,1995-12-04,1995-01-29,217152,36,26,46,M,Olomouc,north Moravia,226122,8994,0
7246,1996-08-20,1996-02-01,148920,60,25,43,M,Kromeriz,south Moravia,108871,8444,0
7249,1994-06-12,1993-03-19,69360,48,27,79,M,Praha - zapad,central Bohemia,75637,9622,0
7250,1997-03-04,1995-06-02,119136,48,25,57,F,Litomerice,north Bohemia,114006,9065,0
7253,1997-04-26,1995-11-10,98304,12,25,50,M,Jindrichuv Hradec,south Bohemia,93931,8427,0
7255,1997-06-09,1996-12-10,213300,60,24,65,F,Plzen - sever,west Bohemia,72541,8594,0
7259,1994-01-31,1993-05-20,108144,36,27,57,F,Hl.m. Praha,Prague,1204953,12541,0
7262,1994-03-01,1993-10-10,182628,36,27,61,M,Prerov,north Moravia,138032,8819,0
7263,1996-01-19,1995-08-18,89880,24,25,57,M,Karvina,north Moravia,285387,10177,0
7264,1997-10-07,1997-02-11,44940,12,24,45,F,Hl.m. Praha,Prague,1204953,12541,0
7271,1996-10-02,1994-11-24,392460,60,26,40,F,Pribram,central Bohemia,107870,8754,0
7277,1997-10-24,1997-02-05,89280,12,24,73,M,Hl.m. Praha,Prague,1204953,12541,0
7279,1997-12-11,1997-01-12,155760,24,24,72,F,Decin,north Bohemia,133777,8705,0
7284,1993-09-15,1993-01-14,52788,12,28,48,M,Cesky Krumlov,south Bohemia,58796,9045,0
7286,1997-01-31,1995-09-20,67320,36,25,49,M,Kolin,central Bohemia,95616,9307,0
7292,1998-11-22,1997-07-11,317460,60,23,45,M,Svitavy,east Bohemia,102609,8187,0
7294,1998-09-27,1997-10-15,39168,24,23,42,F,Melnik,central Bohemia,94725,9920,0
7295,1998-07-18,1996-11-05,280440,60,24,68,F,Brno - mesto,south Moravia,387570,9897,0
7304,1995-10-29,1995-05-26,419880,60,25,75,F,Hl.m. Praha,Prague,1204953,12541,0
7305,1996-08-06,1994-10-01,54024,12,26,52,M,Trebic,south Moravia,117897,8814,0
7308,1996-12-27,1995-10-14,129408,24,25,58,F,Bruntal,north Moravia,106054,8110,0
